,�������,����,�浵
0,�����̼����ð�.��������,37.2966,126.9992667
1,��������.�����ʱ�.�������Ʈ,37.2993833,126.9963167
2,�泲�Ƴʽ���.���ž���Ʈ,37.3034667,126.9968
3,�������־���Ʈ,37.3055333,126.9950167
4,�ϼ��������Ա�,37.3066667,126.9915667
5,SK��ī�̺�.SK��Ʈ����,37.30935,126.9882667
6,�̸��Ա�,37.3139,126.9862333
7,������(����),37.3163333,126.9820667
8,SK��ī�̺�.SK��Ʈ����,37.3091833,126.9887
9,�ϼ��������Ա�,37.3065167,126.99205
10,�������־���Ʈ,37.3056833,126.9950333
11,�泲�Ƴʽ���,37.3024,126.9975167
12,�����ʱ���Ÿ�,37.3005167,126.9967
13,��������.�����ʱ�.�������Ʈ,37.2995,126.9967
14,��������.�ߺΰ�����,37.2974,126.9987667
15,�ۿ����б�.�������α�ȸ,37.2960667,127.0041167
16,�ξ��Ӹ���,37.2956667,127.0075667
17,��ȹ�,37.2902833,127.0133667
18,���ƿ�����Ÿ��.���ƿ���,37.2984333,127.0267667
19,���Ʊ�����.�ݵ����̿�������,37.2964167,127.02575
20,��Ⳳ�κ�����û.��⵵����û,37.29455,127.0221667
21,���������.���������б�.��õ���ο�,37.2935167,127.0207833
22,����û��Ÿ�,37.2917167,127.0183333
23,�ϼ�������.�������Ա�,37.3091667,126.9943
24,���;���Ʈ.�������Ա�,37.30945,126.99445
25,��Ȱ����б�,37.2923333,126.9948
26,�����뱳����,37.3182167,126.98785
27,�ξ��Ӹ���,37.2954,127.0082833
28,�̸�.�����������Ʈ,37.3134667,126.9853833
29,�̸�.���STXĭ,37.3154,126.9837833
30,��������纴��.�����񼺿��ξ���Ʈ,37.30435,127.0009667
31,���������״Ͻ���,37.303,127.0000167
32,��������.�����Ż�Ÿ�,37.3024,126.9986167
33,�´�����ȸ,37.3044333,127.0007333
34,����Ÿ��,37.3044833,127.0124333
35,�Ｚ����Ʈ,37.2943833,126.9699333
36,���հ����б�,37.2971,126.9704833
37,���հ��뿪,37.2985333,126.9713167
38,���հ��뿪,37.2999333,126.9729
39,���հ����б�,37.29725,126.9709833
40,�Ｚ����Ʈ,37.2924833,126.9701667
41,�̸�������,37.32155,126.9893667
42,�̸�������.�̸��Ա�,37.3216667,126.98905
43,��ȹ�,37.2901667,127.01585
44,���������Ա�.��������ȭ����,37.2932,127.0260667
45,�������ķ�۽��Ա�.��������,37.2997833,127.0301333
46,���������Ա�.��������ȭ����,37.2934167,127.02605
47,����������,37.33425,127.0172
48,����������,37.3323,127.01545
49,�󱤱�����ȸ��,37.3296167,127.0148333
50,�󱤱��Ŵٸ�.��������Ǫ��������,37.3276667,127.0149167
51,��Ӹ��ٸ�,37.32375,127.0154667
52,��Ӹ���,37.3211833,127.0155667
53,��ȹ�,37.2901333,127.0154333
54,KB���غ�������Ͽ�,37.2917667,127.0179667
55,���������б�.���������,37.2942,127.02115
56,��Ⳳ�κ�����û.��⵵����û,37.2954333,127.0238833
57,���Ʊ�����.�ݵ����̿�������,37.29635,127.0254
58,���ƿ�����Ÿ��.���ƿ���,37.2985833,127.0271
59,��Ȱ���,37.2885667,127.0127
60,�������տ��.�ξ��Ӹ���.�Ƴʽ�������,37.2960333,127.0086833
61,����KT������ũ.��������ȸ��.��⵵������ġ��������ȸ,37.2996333,127.0074667
62,����KT������ũ.��⵵û�ҳ�Ȱ�������㺹������,37.3005,127.0087
63,�������տ��.������ü��ȸ��.�Ƴʽ�������,37.2962167,127.0088833
64,��ȹ�.������Ÿ��,37.2913167,127.0126
65,��Ȱ���,37.2884833,127.013
66,ȭ����.��Ȱ���,37.28615,127.0090667
67,����û��Ÿ�,37.2914667,127.0202167
68,��ȭ�ʵ��б�.�ѱ��ǰ�������ȸ,37.2961167,127.0150667
69,����KT������ũ.�������տ��,37.2993833,127.0117
70,����Ϻ�.����Ÿ��,37.3040333,127.0048833
71,���Ͽ���.�Ѻ�����纴��.��⵵���հ��б�����,37.3065,127.0004333
72,�ѱ�������������,37.3078333,126.9973833
73,�츸�ְ�4����,37.29245,127.0303667
74,GS����Ʈ.õõǪ������,37.2892833,126.97995
75,õõǪ������,37.2904667,126.9830667
76,�����������.����KT������ũ,37.3020333,127.0081667
77,��ȭ����,37.29605,127.0192333
78,(��)�ѱ�����,37.2866167,127.00935
79,���ѱ�ȸ,37.2844833,126.9804
80,ȭ����.ȭ���ְ�3����,37.2866167,126.9920333
81,ȭ������Ʈ,37.30035,126.9653667
82,��ɸ����߶�ä����Ʈ,37.3062167,126.9704167
83,���������б�,37.3057333,127.0153
84,���������б�,37.3061667,127.0147
85,������,37.2926333,127.0319167
86,��������뵿û,37.3025,126.9728167
87,�����ʱ���Ÿ�,37.3011333,126.997
88,�������Ƿ��.��ũǪ������.�ΰ߸���,37.29065,126.9958
89,�����ƿ﷿,37.2913167,127.0121833
90,�󱤱�������,37.3294167,127.0144167
91,��������.�ؿ����Ա�,37.3172167,126.9836333
92,���Ͼ���Ʈ,37.3003333,126.9672167
93,��������,37.3007833,127.0160667
94,��������,37.3006,127.0161167
95,�����꽺��þ����Ʈ,37.3069,127.0123833
96,����û��Ÿ�.�������Ѻ���,37.3107,126.9909667
97,ȿõ�ʵ��б�.�Ѹ������Ʈ,37.2918833,126.9878333
98,ȿõ�ʵ��б�.ȭ�������ʽ���ũ,37.2922167,126.9877333
99,���հ��뿪.����뵿�ΰ����û.��������,37.3015,126.9731667
100,�鼱��ȸ,37.3114667,126.978
101,�鼱��ȸ,37.3115833,126.97765
102,��������.�ؿ����Ա�,37.3158,126.9815833
103,����ʱ�,37.30535,126.9706667
104,����ʱ�.��ɸ����߶�ä����Ʈ,37.3054167,126.9704833
105,���嵿�Ϻ�������,37.3202333,126.9886
106,ȭ������Ʈ,37.3005333,126.96545
107,������Ÿ��,37.3048333,127.0179333
108,���ƺ���Ÿ�����Ʈ,37.2998667,127.0236333
109,�Ｚ1������Ʈ,37.2930667,126.9698167
110,���ƺ���Ÿ�����Ʈ,37.2997,127.02375
111,�ۿ��ʵ��б�.��⵵���뿬����,37.30745,127.0114167
112,���Ͽ���,37.30715,127.0067
113,��ȱ�û,37.3034,127.0112333
114,��ȱ�û,37.3036833,127.0111333
115,��Ⳳ�κ�����û.��⵵����û,37.2962167,127.0219667
116,���������Ĺ�.��⵵����û,37.29605,127.0218333
117,õõ����.����ƮŸ��,37.2970333,126.9794
118,����Ϻ�.����Ÿ��(���׹���),37.3050333,127.0032667
119,��ɻ�Ÿ�,37.3052167,126.9725833
120,��ɻ�Ÿ�,37.30525,126.9729667
121,��Ȱ���,37.2882333,127.0125667
122,û���Ѷ����Ʈ.�Ե���Ʈ,37.2935,126.9831333
123,SK��ī�̺�,37.30515,126.9862167
124,SK��ī�̺�.�ټ��ʵ��б�,37.3085833,126.9856833
125,SK��ī�̺�.�ټ��ʵ��б�,37.3081,126.9861167
126,SK��ī�̺�,37.30525,126.9854833
127,û���Ѷ����Ʈ.�Ե���Ʈ,37.2953333,126.9836167
128,STXĭ����Ʈ.������������Ʈ204����,37.314,126.9836833
129,��ȣ����Ʈ,37.3026,126.9891667
130,��ȣ����Ʈ,37.3025167,126.9893333
131,��ȵ���(����),37.2975,126.98305
132,�����ְ�����Ʈ,37.3043333,127.0172333
133,����Ÿ���Ĺ�.���뿬����,37.3075167,127.0102
134,���Ͽ���,37.3067667,127.0070833
135,��쿬����,37.3088,127.0034833
136,��쿬����,37.3086667,127.0035167
137,���ϳ������б�,37.30935,127.00215
138,���ϳ������б�,37.3093667,127.0018667
139,�����ʵ��б�,37.3103667,126.9997667
140,�����ʵ��б�,37.3102333,126.9997833
141,�뱤����Ա�,37.3108833,126.99775
142,�뱤����Ա�,37.3108333,126.99795
143,���־���Ʈ,37.3098,126.9962
144,���־���Ʈ,37.3095667,126.9962
145,��)���ľ౹,37.3079167,126.9949
146,��)���ľ౹,37.30765,126.9948833
147,����Ÿ�����Ʈ,37.3051,126.9930333
148,����Ÿ�����Ʈ,37.3053,126.9929833
149,ȿ�ڹ���Ÿ�,37.3038833,126.9921167
150,ȿ�ڹ���Ÿ�,37.3037,126.9918
151,������.���쿩����,37.3177333,126.98165
152,������.���쿩����,37.3178,126.9813833
153,����ũ���,37.3187167,126.9796167
154,����ũ���,37.3186333,126.97945
155,�ؿ���,37.3195667,126.9766667
156,�ؿ���,37.3194333,126.9765333
157,��ȭ����ȸ��,37.32045,126.975
158,��ȭ����ȸ��,37.3203667,126.9749
159,��������б�,37.32075,126.9724667
160,�븲.�������Ʈ,37.3006833,126.9870667
161,�븲.�������Ʈ,37.30055,126.9872167
162,�������Ĺ�.�ϼ���������ũ,37.2993167,126.986
163,�������Ĺ�.�ϼ���������ũ,37.29945,126.9863833
164,��ǳ����.�������Ĺ�,37.2981,126.98505
165,��ǳ����.�������Ĺ�,37.2979167,126.98485
166,�鼳�����Ա�.����������,37.29655,126.9859333
167,�鼳�����Ա�.�����,37.29635,126.98575
168,������ü��,37.3002167,126.98385
169,õõ��.�����б�,37.2999667,126.98365
170,�Ÿ�����Ʈ,37.3007,126.9809667
171,õõ���б��Ĺ�,37.3003167,126.9800333
172,�ϼ�����Ʈ,37.3011833,126.9788667
173,��ȣ��������Ʈ,37.3016333,126.9785167
174,���ü�������б�,37.3030167,126.97745
175,�ֻ����Ʈ,37.3030167,126.9717333
176,�ֻ����Ʈ,37.3029333,126.9716833
177,���������Ƶ�����.CU,37.30335,126.9698667
178,���������Ƶ�����.CU,37.30325,126.9697667
179,���5.6������Ʈ,37.3031,126.9688167
180,���5.6������Ʈ,37.30325,126.9688333
181,�ǿ����Ʈ.�������б�,37.3025,126.9671
182,�ǿ����Ʈ.�������б�,37.3025,126.967
183,�������Ʈ.����3������Ʈ,37.3045833,126.9665167
184,�������Ʈ.����3������Ʈ,37.3046667,126.96635
185,����1.2������Ʈ,37.3052333,126.9672333
186,����1.2������Ʈ,37.30515,126.9671167
187,�߶�ä1.2������Ʈ,37.3065,126.9669667
188,�߶�ä1.2������Ʈ,37.3064167,126.9670833
189,�����ʵ��б�,37.2993167,126.9694333
190,��θ�Ʈ,37.2983,126.96885
191,��θ�Ʈ,37.2982333,126.9689333
192,�̸�Ʈ���긮����,37.2967167,126.9680167
193,�̸�Ʈ���긮����,37.2967,126.9681333
194,��õ���ֹμ���,37.2979833,126.9723333
195,��õ���ֹμ���,37.2981667,126.97175
196,õ�Ͼ���Ʈ,37.2976667,126.97375
197,õ�Ͼ���Ʈ,37.2977833,126.97375
198,�Ｚ���̾Ⱦ���Ʈ.�����Ĺ�,37.2963833,126.9764
199,��ܸ����Ա�,37.2977,126.97935
200,�Ｚ���̾Ⱦ���Ʈ.�����Ĺ�,37.2965,126.9763667
201,�Ѿ�����,37.2951,126.9784667
202,�Ѿ�����,37.2952,126.97855
203,õõǪ�������Ϲ�,37.294,126.9789
204,�Ե���Ʈ,37.2959833,126.983
205,õõǪ�������Ϲ�,37.2941,126.9789833
206,SK.�Ѷ����Ʈ.�Ե���Ʈ(����),37.2951,126.9838667
207,õõǪ������125��,37.2925167,126.9791333
208,õõǪ������125��,37.2924833,126.9792833
209,������ȸ,37.2905667,126.9783833
210,������ȸ,37.2905333,126.9784833
211,õõǪ����������,37.2895167,126.9786167
212,õõǪ����������,37.28965,126.9786667
213,������������Ʈ�Ĺ�,37.3116833,126.9833833
214,��������Ʈ,37.2898833,126.99925
215,��������Ʈ,37.2905167,126.9984333
216,�����Ƿ��,37.29185,126.9977333
217,�����Ƿ��,37.2922667,126.9971333
218,�����Ŵ�.���������н��輾��,37.29395,126.9980333
219,�����Ŵ�.���������н��輾��,37.2940833,126.99755
220,�������Ʈ,37.2951333,126.9971167
221,�������Ʈ,37.2955833,126.9964167
222,�������Ʈ�Ĺ�,37.3037,126.9669833
223,�������Ʈ�Ĺ�,37.3036833,126.9671
224,���հ��뿪(����),37.2993333,126.9720167
225,��������,37.2714833,127.0074167
226,������Ÿ�,37.2731167,127.0064167
227,GS25��������,37.2747333,127.0063167
228,�������ռ����,37.2765833,127.0065167
229,ȭ����Ÿ�.SC�����,37.2788667,127.0042167
230,�������Ʈ.�����඼���Ա�,37.28345,127.0046333
231,�ϳ����Ǳ�ȸ��,37.2826167,127.0042333
232,�����Ǫ�����Ĺ�,37.2825833,127.002
233,�����Ǫ����122����,37.2823167,127.0008833
234,�����Ǫ���������繫�Ҿ�,37.2821,126.9989167
235,��������,37.2838333,126.9969
236,ȭ����.��������,37.2826167,126.9948
237,�����������Ʈ.�����߾�,37.2818833,126.99285
238,������.�ſ�ȸ������ȸ(����),37.2687667,127.0072167
239,����û�Ա�,37.2794167,127.00385
240,ȭ�������͸�,37.2846667,127.0069333
241,�۷ι�û�ҳ�帲����,37.2821333,127.0057
242,�۷ι�û�ҳ�帲����,37.28215,127.0060167
243,����û�Ա�,37.2800833,127.0046
244,��������ȸ��.�����ú���.��������,37.2715333,127.0142167
245,�ű��ٸ�,37.27165,127.0167333
246,������.�뺸�ڼ���,37.2680833,126.9995667
247,�����߰���.�������Ʈ,37.2695333,127.0172333
248,�����߰���.��������������,37.2684333,127.0172833
249,�����Ÿ�.���������������,37.2737667,127.0021667
250,�ⱳ.�ȴ޺��Ǽ�.�߾�ħ�ʱ�ȸ,37.2706167,127.0121
251,������.�ſ�ȸ������ȸ,37.2689667,127.0077833
252,������.�ſ�ȸ������ȸ,37.2689333,127.0070167
253,�ⱳ.�ȴ޺��Ǽ�.�߾�ħ�ʱ�ȸ,37.2707167,127.0116833
254,��������ȸ��.�����ú���.�ؿ�̼���.��������,37.2722333,127.0151
255,�����Ÿ�,37.2711167,127.0007333
256,(��)��⵵û���Ÿ�,37.2684167,127.0091333
257,������.AK�ö���,37.2674667,127.0009167
258,��������.��õ��ȸ,37.2759167,127.00275
259,��������.Ǫ����������,37.2760667,127.0031167
260,�����Ÿ�,37.2723333,127.0018167
261,������͹̳�,37.2712167,127.0010667
262,�Ż����,37.2673,127.0033667
263,������.��������,37.2650833,127.0018167
264,�ű���Ǫ������SK��G3,37.2649667,127.0177333
265,�ű���1���ⱸ(����),37.2652,127.0166167
266,���������������.������Ǫ����������,37.2730667,127.0001667
267,���������������.������Ǫ����������,37.2728667,126.9997167
268,��ȹ�.�������빮ȭ��,37.28675,127.0153667
269,�ȴޱ�û.ȭ�����.��������,37.28375,127.0163333
270,ȭ�����Ÿ�,37.27905,126.999
271,�����Ǫ��������Ʈ,37.2813333,126.9966167
272,��������.ȭ�����¸����.ȭ���ٻ굵����,37.28455,126.9954667
273,ȭ����.ȭ��2���ֹμ���,37.2847167,126.9867667
274,�����׾���Ʈ,37.2866833,126.9857667
275,�������Ʈ,37.2890667,126.9851333
276,�������Ʈ,37.2894833,126.9850667
277,�ɸ��ŵ��ƾ���Ʈ,37.2866333,126.9860333
278,ȭ����.ȭ��2���ֹμ���,37.2849833,126.98655
279,��������.ȭ�����¸����.ȭ���ٻ굵����,37.2842833,126.9957833
280,�����Ǫ��������Ʈ,37.2810667,126.9970333
281,ȭ�����Ÿ�,37.2786333,126.99915
282,Ȳ������,37.27745,126.99615
283,�������б�.�������ȸ��.�ɸ������ڿ��վ���Ʈ,37.2858167,126.9806833
284,��������Ʈ.�ݰ�����Ʈ,37.2879667,126.9816833
285,��������Ʈ.�ݰ�����Ʈ,37.2878667,126.9820667
286,ȭ�����.���ΰ�,37.2819,127.0173333
287,ȭ�����Ÿ�,37.2788667,126.9996833
288,����.õõǪ����������Ʈ,37.2901333,126.9842167
289,ȭ��Ǫ������,37.2861833,126.9854333
290,ȭ�����,37.2842667,127.0158167
291,�������빮ȭ��.��ȵ�,37.2865833,127.0151
292,�����׾���Ʈ,37.2864667,126.9848167
293,�������б�.�������ȸ��.�ɸ������ڿ��վ���Ʈ,37.2855833,126.9807667
294,ȭ������,37.2787,127.0022
295,ȭ������,37.2789,127.00245
296,�Ͽ������.��õ��,37.2884,126.9784667
297,Ȳ������,37.2777333,126.9964667
298,���������.�Ѷ�.�ֿ����Ʈ,37.2922167,126.9407
299,�������������Ʈ,37.2915,126.9438833
300,�������A-1BL(����),37.2868667,126.9435
301,ȣ�ŽǴ���Ʈ�������Ʈ.��ƹ̷�������Ʈ,37.2751167,126.9418333
302,LG������2��.ȣ�Žǿ�����Ÿ����,37.2730833,126.9381167
303,���̾�Ƽĥ������6����.LG������1������Ʈ,37.2699333,126.9386333
304,�������A-3BL(����),37.2880833,126.9403667
305,ȣ�Žǽֿ����Ʈ,37.2674833,126.9514667
306,�Ź��־���Ʈ,37.2676167,126.954
307,ȣ�Ž�GS����Ʈ,37.2685833,126.9580667
308,ĥ���Ա�,37.2712167,126.96075
309,����ֹμ���.������������,37.2744,126.9701833
310,ž���ʵ��б�.�Ｚ����Ʈ,37.2753167,126.9739667
311,�������б�,37.2759167,126.9771667
312,���е��ֹμ���,37.2703,126.9866167
313,��ȣ���б�,37.2686167,126.9879333
314,��ȣ�ʵ��б�,37.2685333,126.9906667
315,��ȣ�ʵ��б�,37.2686167,126.9917
316,��ȣ���б�,37.2681333,126.9880333
317,���е�,37.2707,126.9861333
318,���������п�,37.2361167,126.9662667
319,��������������(����),37.2842833,126.9424667
320,��������������(����),37.2842,126.9427333
321,��Ʈ��콺.�������˻��,37.2695833,126.9947667
322,��Ʈ��콺.�������˻��,37.2694333,126.9948667
323,�Ǽ��ʵ��б�,37.2638333,127.0230167
324,�Ժϵ���Ÿ�(����),37.2926,126.96035
325,������б�,37.2461167,127.0341
326,�ű���3���ⱸ.��������Ʈ,37.2642833,127.0148667
327,����ʵ��б�,37.2909667,126.9404
328,����ʵ��б�,37.2909167,126.9406
329,������Ʈ,37.2639167,127.00685
330,�ű���4���ⱸ,37.2655333,127.01505
331,�ű���5���ⱸ.��������ƮǪ������2����,37.2660667,127.0134667
332,��������,37.26475,127.0196
333,����Ż�Ÿ�.����ֹμ���,37.2427833,127.0303833
334,�Ժϵ��ֹμ���,37.2941,126.95965
335,�Ժϵ��ֹμ���,37.2944167,126.9594833
336,�������Ʈ,37.2976333,126.958
337,�Ǽ���û,37.2569667,126.97095
338,�Ǽ���û,37.2569833,126.9711167
339,����������б�,37.2937167,126.9416333
340,������̸�Ʈ,37.275,126.9687333
341,�ݰ��������Ʈ,37.27935,126.9544333
342,�����ʵ��б�,37.2454833,126.9681167
343,�����ʵ��б�,37.2457667,126.9682167
344,�������Ʈ,37.29765,126.95815
345,�޸ս�ī�̺���,37.2425,126.9758667
346,��������Ÿ��.�߾��ڵ����ŸŴ���,37.2578333,126.9970667
347,��⵵�Ǽ�����.��⵵�������������.ĥ������7����,37.26765,126.9415333
348,ĥ�����Ա�.�ڸ���,37.2634667,126.94275
349,�߹̰���ũ.�ߴ뼺�ĵ���,37.2420167,126.9810167
350,�������Ա�,37.25325,126.9901167
351,����2���ֹμ���,37.2553,127.0111333
352,�ߺ������,37.2445833,126.991
353,�Ǽ���,37.2362,127.0198167
354,����õ����,37.24295,126.97405
355,����õ����,37.243,126.9744833
356,�츲.���Ѿ���Ʈ,37.24585,126.9779333
357,�츲.���Ѿ���Ʈ,37.2473167,126.9777833
358,��������ڹ���,37.2748667,126.9817333
359,��ٶ�����,37.2409,126.9778167
360,��ٶ�����,37.2411167,126.97765
361,����ü������,37.2442167,126.9774667
362,������Ÿ�÷���������,37.2434833,126.97905
363,�̿�����Ʈ,37.2473333,127.0135667
364,����������ȸ.�Ѿ��������ũ������Ʈ,37.2659833,126.95395
365,�Ѿ��������ũ������Ʈ.��ȣ�ʵ��б�,37.26595,126.9526833
366,Ȩ�÷�����������,37.2747333,126.9555667
367,Ȩ�÷�����������,37.2749,126.95545
368,�Ǽ��޿��׸�����.�߾ӿ���,37.2332167,126.9772333
369,�Ǽ��޿��׸�����,37.2339,126.9739
370,����ü������,37.2447333,126.9768167
371,�������ֹ����ͽü�,37.2483667,126.9727167
372,�򵿵�������Ʈ,37.2631833,126.99895
373,�Ż�.�������Ʈ,37.2475167,126.9856
374,�Ż�.�������Ʈ,37.2473,126.9856667
375,�����ʵ��б�,37.2483667,126.9875833
376,�����ʵ��б�,37.24845,126.9877333
377,������Ÿ�÷���3����,37.2421667,126.9800833
378,�߸���,37.2394667,126.98085
379,������Ÿ�÷���1����,37.2422,126.9796833
380,������Ÿ�÷���������,37.2438833,126.97925
381,��������ȸ����,37.2506833,126.9639
382,ȣ�Ž�����13����,37.2649667,126.9626167
383,�Ǽ�������Ÿ���Ա�,37.2604,126.9702
384,�������հ��������Ա�,37.2582667,126.98545
385,�������հ��������Ա�,37.2585,126.9852333
386,����Ÿ���Ÿ�,37.2600667,126.9721667
387,����ȣ������.����Ÿ����,37.2479,126.9673333
388,�߾ӿ���,37.23345,126.9840333
389,�߾ӿ���,37.2333167,126.9837333
390,���������,37.2519333,126.9867333
391,���������,37.2518833,126.9866
392,�������ظ�ξ���Ʈ,37.26405,127.0105833
393,�ű���(����),37.26585,127.0134167
394,��������.�ڿ��վ���Ʈ(����),37.2836667,126.9824667
395,ȣ�Ž��Ա�(ž��),37.2735333,126.9659667
396,�������ڴ��б�����,37.25185,126.9630167
397,�������ڴ��б�����,37.2518667,126.9628667
398,��������ƮǪ������.�����Ÿ�,37.2680167,127.0097167
399,������.����������ũ��Ƽ7��������Ʈ,37.2440833,127.0211
400,������.����������ũ��Ƽ7��������Ʈ,37.2440833,127.0213833
401,������ȯ�¼���(1�°���),37.2656,126.9990333
402,������ȯ�¼���(2�°���),37.2653667,126.9991833
403,������ȯ�¼���(3�°���),37.2652333,126.9991167
404,������ȯ�¼���(4�°���),37.2651833,126.9989
405,������ȯ�¼���(5�°���),37.2652167,126.99865
406,������ȯ�¼���(6�°���),37.2654,126.9984667
407,������ȯ�¼���(7�°���),37.2656333,126.9983333
408,������ȯ�¼���(8�°���),37.2657833,126.9982667
409,������ȯ�¼���(9�°���),37.2659,126.9984
410,������ȯ�¼���(10�°���),37.2659667,126.9985833
411,������ȯ�¼���(11�°���),37.26595,126.9988167
412,������ȯ�¼���(12�°���),37.2658,126.9989
413,������(�ǰ�����),37.26275,127.0196833
414,ȣ�ŽǸ���13����.ȣ�Ž�GS����Ʈ(����),37.2663667,126.9599667
415,���ͱ�����,37.2610667,126.99405
416,���ͱ�����.��������,37.2615833,126.9948167
417,�ڵ����ŸŴ���,37.26,126.98995
418,�����ñ۷ι�����н���.������ȸ������.â�浵����,37.2914,127.0271
419,���ҹ溻��,37.2556167,127.0361
420,������û.�������ڸ�����,37.2628167,127.0279
421,���ִ��б��Ա�,37.27585,127.0438667
422,���ִ�.���ִ��б�����,37.2786,127.0437
423,��⹮ȭ���.��ź�ְ�4.5����,37.2659333,127.0368833
424,����Ʈ����,37.2770833,127.02715
425,��������Ÿ�,37.2783333,127.02935
426,������û��10���ⱸ.���ο��ݰ���.�����Ϻ�,37.2611833,127.0345833
427,������û��8���ⱸ.������ũ.��������,37.2638,127.0324167
428,�߼ұ������,37.26635,127.0333833
429,�ΰ�Ｚ����Ʈ.������������Ʈ,37.2710833,127.0353333
430,û�ҳ⹮ȭ����,37.2746167,127.0367167
431,�ΰ輱�����Ʈ,37.2768667,127.0365667
432,�������뺹���÷�������.����������.�󸶴�ȣ��,37.2776,127.0339
433,�������뺹���÷�������.����������.�󸶴�ȣ��,37.2776167,127.0351667
434,�츸�ż�����Ʈ,37.2770667,127.037
435,������������Ʈ.�ΰ�Ｚ����Ʈ,37.27095,127.0356333
436,���ھƾƿ﷿,37.2657333,127.0336
437,������û��9���ⱸ.���ο��ݰ���,37.2631,127.03265
438,������û��2���ⱸ.����׷����ھ�,37.26025,127.0314833
439,CJ���ν���ũ,37.2861,127.0434833
440,�ΰ赿������������.KBS��������,37.26795,127.0282833
441,Ǫ������SK��.�ΰ��Ĺи�������Ʈ,37.2694667,127.0223667
442,�ΰ赿�Ĺи�������Ʈ,37.2696667,127.0226333
443,������Ǫ����������.�ֿ칰�ýý���,37.2722,126.9968667
444,���հ��뿪�����¸��������Ʈ,37.2987,126.9653167
445,�����¸��������Ʈ.�������ξ���Ʈ,37.2979333,126.9668167
446,�����κ�����,37.3060167,126.9714167
447,�Ѹ����ܰ�,37.2547667,127.0208167
448,���ǻ�Ÿ�,37.2570167,127.0219833
449,�Ǽ���Ÿ�.SK�����Ʈ,37.2591333,127.0230833
450,KT����������,37.2611333,127.0241167
451,KT����������,37.26225,127.02515
452,�Ǽ���Ÿ�.SK�����Ʈ,37.2589833,127.0236667
453,���ǻ�Ÿ�,37.2557667,127.0219833
454,�Ѿ����Ʈ,37.2529833,127.02055
455,���������͹̳�,37.25095,127.01955
456,�Ǽ����б�,37.24905,127.0185167
457,��������,37.2428833,127.0177833
458,�Ǽ���,37.2363333,127.02025
459,��������Ա�,37.2333333,127.0218333
460,�Ǽ�2������,37.2347167,127.0225833
461,���Ծ�.��,37.2606667,126.9955667
462,����õ���»����Ʈ.����Ÿ����,37.2458,126.96285
463,�������ڴ����Ա�,37.24675,126.9656333
464,������.�����ʱ�.�»����Ʈ,37.25065,126.9796667
465,���Ⱦ���Ʈ.�Ｚū����,37.2518167,126.9837833
466,��������Ÿ��.�߾��ڵ����ŸŴ���,37.25835,126.9970667
467,�ߺ������,37.2449,126.9914
468,�Ｚū����.���.�Ż����Ʈ,37.2518333,126.9849667
469,������.�����ʱ�.�»����Ʈ,37.2504,126.9799
470,�������ڴ��б��Ա�,37.2467167,126.9668833
471,����õ���»����Ʈ.����Ÿ����,37.2459833,126.9642
472,��������б�,37.2952,126.9422667
473,�޸ս�ī�̺���,37.24245,126.9761333
474,�����Ÿ�.����깰���뼾��,37.28565,126.9685833
475,�����������͹̳�,37.2834,126.9707
476,������Ÿ�.����߼ұ��������������,37.2813833,126.97405
477,���Ÿ�,37.2770833,126.9788167
478,������ũ,37.2736333,126.98445
479,������ũ,37.2733667,126.9842333
480,���Ÿ�,37.2766333,126.9789
481,������Ÿ�.����߼ұ��������������,37.2809,126.9742
482,�����Ÿ�.����깰���뼾��,37.2853667,126.9681667
483,�������Ÿ�.�����Ŵ��Ա�,37.2377167,126.9624
484,�ߺ�����,37.2517167,126.9911833
485,���Ȱ�ַ�.��������Ա�,37.233,127.0213667
486,��������,37.24285,127.0172667
487,�Ǽ����б�,37.2489,127.0177833
488,���������͹̳�,37.2512167,127.0189833
489,�Ű,37.2491833,127.01245
490,������Ÿ�,37.25445,127.00975
491,���͸���,37.2551,127.0084833
492,�������б�.�Ƽ��ƽø�Ʈ,37.2585167,127.0053667
493,�������б�.�Ƽ��ƽø�Ʈ,37.25865,127.0055833
494,���͸���,37.2556667,127.0085833
495,������Ÿ�,37.2546667,127.0102833
496,�Ű,37.2495333,127.0126333
497,������,37.2444,127.0146667
498,�Ǽ������,37.25585,127.0237833
499,�Ǽ�����Ʈ,37.2551833,127.0265333
500,����깰����,37.2567333,127.0297833
501,����깰����,37.2569667,127.0301167
502,��������ݰ�.�Ǽ�����e���Ѽ���,37.2551167,127.0260333
503,��������Ʈ.�������ϵ��Ա�,37.2614167,127.0005167
504,���Ծ�.��,37.2606833,126.9957667
505,��,37.2589667,126.9942167
506,��������������,37.2580667,126.9934167
507,�ڵ����Ÿż���,37.25545,126.9908333
508,�������Ա�.������Ÿ�,37.254,126.9891
509,���������.���հ�������,37.2526333,126.9866833
510,������Ÿ�,37.25375,126.98865
511,�ڵ����Ÿż���,37.2556167,126.9908333
512,��������������,37.2581167,126.9932667
513,��,37.25945,126.9944167
514,�����ϴ�ä���۽�Ʈ����Ʈ�Ա�,37.24005,127.0324833
515,�����ϴ�ä���۽�Ʈ����Ʈ�Ա�,37.2407333,127.0325833
516,ū����,37.2947333,126.9512
517,��������Ʈ.�Ѷ���Ͼ���Ʈ,37.2544,127.0153667
518,��������Ʈ.�Ѷ���Ͼ���Ʈ,37.2544667,127.0155667
519,����Ż�Ÿ�.����������ũ��Ƽ4����,37.2424333,127.0296
520,���������̾���Ʈ,37.2964167,126.9588
521,���������̾���Ʈ,37.2959667,126.9589
522,ū����,37.2946333,126.95125
523,�����,37.2940167,126.94475
524,���;���Ʈ,37.2698333,126.9578333
525,ĥ���ʵ��б�,37.2688167,126.9550167
526,�Ź��־���Ʈ,37.2687833,126.9538167
527,����깰��Ÿ�,37.25265,127.0284333
528,�Ǽ�����.�λ굿��.�ſ����Ʈ,37.2500833,127.0272833
529,�Ǽ�����.�λ굿��.�ſ����Ʈ,37.2509833,127.0273333
530,�߾Ӻ���,37.2608167,127.0213167
531,�߾Ӻ���,37.2600167,127.0230833
532,�ߺ�����,37.2514,126.9915333
533,�������Ա�,37.2535333,126.98995
534,�ߺ���.�������ڵ������������п�,37.25575,126.9945833
535,��������Ʈ.Ǫ����������Ʈ,37.2428833,126.9691
536,��������Ʈ.Ǫ����������Ʈ,37.2429167,126.9693
537,�Ƹ��ٿ��,37.2411333,126.96975
538,���������̵���.��������ȸ,37.2966167,126.96095
539,���������̵���.��������ȸ,37.2965833,126.9607167
540,��������б�,37.2938167,126.9414333
541,��ȭ�������ݰ�.���峻������,37.2571667,127.0112333
542,��̾���Ʈ.���峻������,37.2574667,127.0117
543,����2��,37.2517,127.0117667
544,����������ũ3����,37.2424167,127.0248667
545,����������ũ3����,37.2420667,127.0247
546,�ɽǸ���15����.��ȣ��︲����Ʈ,37.2588333,126.9542667
547,�Ǽ�����.e���Ѽ���,37.2538,127.0286333
548,ȣ�Žǵ�������,37.2547333,126.9629
549,ȣ�Žǵ�������,37.2548833,126.96295
550,�ɽǸ���16����,37.2617667,126.9553167
551,�ɽǸ���16����,37.2614667,126.9556167
552,ȣ�ŽǸ���14����.��������պ�����,37.2627167,126.9571333
553,ȣ�ŽǸ���14����.��������պ�����,37.2628167,126.9574
554,�����ú���ȸ��.ȣ�ŽǸ���13����,37.2651167,126.9573
555,ȣ�ŽǸ���13����.�����ú���ȸ��,37.2653167,126.9576
556,��ƹ̷�������Ʈ.ȣ�Žǿ�����Ÿ����,37.2743,126.9409333
557,ȣ�Žǿ�����Ÿ����.��ƹ̷�������Ʈ,37.2741,126.9403667
558,�ݰ������������.ȣ�Ž������,37.2738167,126.9528833
559,�ݰ������������.ȣ�Ž������,37.2740333,126.9528833
560,ĥ������7����,37.2681667,126.9426667
561,ĥ������7����,37.26935,126.9430667
562,ȣ�Žǿ�����Ÿ����,37.2723,126.9417
563,ȣ�Žǿ�����Ÿ����,37.27225,126.9414833
564,���������͹̳�,37.2523333,127.0195667
565,����������ũ2����,37.2438,127.0284667
566,����������ũ4����,37.2436167,127.02835
567,����ʵ��б�.��������Ʈ,37.2900333,126.9446
568,������ȯ��������,37.2418667,127.0156
569,��Ȳ����,37.2394167,127.01695
570,��Ȳ����,37.2393333,127.01685
571,�ѱ������Ŵ��б�,37.2418167,126.9583667
572,����������ũ��Ƽ.�����ʱ�,37.24725,127.02885
573,��������Ʈ,37.2611167,127.0003167
574,��������Ʈ,37.2608167,127.0004333
575,�ɽ��ʵ��б�.��������Ʈȣ�Ž�,37.2601667,126.9569333
576,�ɽ��ʵ��б�.��������Ʈȣ�Ž�,37.26035,126.9571833
577,�Ǽ������,37.2555333,127.0244
578,ȣ�Žǽ���þ19����.�ɽǸ���22����,37.2587167,126.95985
579,ȣ�Žǽ���þ19����.�ɽǸ���22����,37.2585667,126.9602333
580,ȣ�Žǿ���ü,37.25745,126.9621333
581,�ڸ����Ա�.�Ѿ��������ũ������Ʈ,37.26645,126.9478167
582,�Ѿ��������ũ������Ʈ.�ڸ����Ա�,37.2665333,126.9493833
583,���ΰ���������,37.25545,126.9627167
584,���ΰ���������,37.2552833,126.9629167
585,ȣ�Žǽ�Ÿ����.���������Ա�,37.2542833,126.9619167
586,ȣ�Žǽ�Ÿ����.���������Ա�,37.2542,126.9620167
587,ȣ�Žǻ�Ÿ�,37.26175,126.9640833
588,ȣ�Žǻ�Ÿ�,37.261,126.9651167
589,ȣ�Žǵ�����,37.26625,126.9588333
590,ȣ�ŽǸ���13����.ȣ�Žǵ�����,37.2660833,126.9590833
591,�ΰ赿������������.KBS��������.��⵵����ȸ��,37.2682667,127.0286833
592,������û��1���ⱸ.���ο��ݰ���.�����Ϻ�,37.2611833,127.03265
593,�ȴ޹�.�����麴��,37.2787833,127.01655
594,�ȴ޹�.�̾Ȱ�,37.27995,127.0167833
595,�ȴ޹�,37.2776833,127.0172667
596,��������,37.2753333,127.0185
597,ȿ���ʵ��б�,37.28205,127.03955
598,���������Ű����.�������б�,37.2853667,127.03515
599,�����ñ۷ι�����н���.�츸�ְ�����Ʈ,37.2907333,127.0298167
600,�����ñ۷ι�����н���.�츸�ְ�����Ʈ,37.29085,127.03005
601,���ǹο���.ǳ������Ʈ,37.2875333,127.0335
602,���������Ű����.�������б�,37.2849833,127.0360333
603,ȿ���ʵ��б�,37.2823167,127.0396
604,â������.���ִ��б�.���Ű���,37.2808333,127.0421167
605,���ھƾƿ﷿.�߼ұ������,37.2668333,127.0329333
606,���������Ű����.�Ƹ��б�,37.2870833,127.0400333
607,���������Ű����.�Ƹ��б�,37.2867,127.0402667
608,�����Ű�����Ա�.�츸����Ʈ�ְ�3����,37.2923667,127.0325167
609,�ű��ٸ�,37.2719,127.0168333
610,KBS������������.��ȭ����,37.2720833,127.02845
611,�츸���������Ʈ,37.2762167,127.03985
612,�ȴ޹�,37.27735,127.0162167
613,2001�ƿ﷿,37.2754,127.0214167
614,�ΰ赿�����¸��������Ʈ,37.2759333,127.0396167
615,����Ʈ����,37.2763333,127.0260833
616,2001�ƿ﷿,37.2752833,127.0224167
617,��깮����,37.2750833,127.0180667
618,�츸��4����,37.2922167,127.0308833
619,���ǹο���.ǳ������Ʈ,37.28745,127.0330833
620,â�湮.������,37.2872167,127.0241833
621,â�����Ĺ�,37.28595,127.0434333
622,�ȴޱ�û.����ȭ���ڹ���,37.2817167,127.0188333
623,�ȴޱ�û.����ȭ���ڹ���,37.2819833,127.0189333
624,�����̵���,37.2841667,127.0217333
625,â�湮.������,37.2881167,127.0242833
626,â������.���ִ��б�.���Ű���,37.2805333,127.04215
627,������û��Ÿ�.������亴��,37.26415,127.0252333
628,�ΰ��Ÿ�,37.2671667,127.0264833
629,�������뺹���÷�������.��������Ÿ�.�Ｚ����,37.2757,127.0298333
630,����������.�������������������.������,37.2805333,127.0299167
631,â�湮,37.2859167,127.0271
632,â�湮,37.2866333,127.0270833
633,����������.�������������������.������,37.28045,127.0305333
634,�������뺹���÷�������.��������Ÿ�.�Ｚ����,37.27575,127.0304167
635,KBS��������.KB���غ���,37.2726667,127.0291
636,�������̹����б�.�ΰ��Ÿ�,37.2694167,127.0278167
637,������û��Ÿ�,37.2646,127.0259667
638,���ִ��Ա�.�츮����,37.2755,127.0422833
639,�ӱ�����Ʈ.�߿����Ǵ�,37.2576167,127.0369833
640,����Ʈ����.��ź�����ϴ�ä,37.2621333,127.0388833
641,�����ѿ���,37.2641667,127.0397667
642,�Ǽ��ʱ�,37.26405,127.0229833
643,�ֹ��Ÿ�,37.2648833,127.0209667
644,û�ҳ⹮ȭ����,37.2750333,127.0372833
645,�ű���Ǫ������SK��G2,37.2672333,127.02215
646,���⵿,37.2824167,127.0208167
647,�ѱ����°��������.�Ѷ�ñ׸��Ӹ���,37.2778167,127.0286667
648,����������ȸ,37.2682,127.02265
649,�ΰ跡�̾ȳ��Ŭ����,37.2687833,127.0344667
650,�ΰ跡�̾ȳ��Ŭ����,37.2687667,127.0348333
651,�����̵���,37.2849667,127.0226167
652,������,37.2679667,127.0000833
653,ȭ����,37.2841167,126.9904667
654,ȭ����,37.2838667,126.9900667
655,����޸����,37.2782833,127.0381
656,����޸����,37.2801,127.0370167
657,�����߰���.��ȣ����,37.2818333,126.9917833
658,�����߰���.��ȣ����,37.2818,126.9913
659,ȭ�������ϴ�ä,37.2889833,126.9986667
660,�ȴ޹�,37.2771333,127.0170333
661,ȭ�����԰Ÿ���.�ɸ�����ǳ������Ʈ,37.28845,126.9876
662,ȭ�����԰Ÿ���.�ɸ�����ǳ������Ʈ,37.2886,126.98695
663,�Ժϵ��Ա�,37.2916,126.9604
664,��������б�,37.2936667,126.9432
665,�Ժϵ��Ա�,37.292,126.9609333
666,���ǻ�Ÿ�,37.2564333,127.02055
667,���������Ǽ�����,37.2579333,127.01715
668,�����������Ʈ,37.26025,127.0183667
669,���;���Ʈ,37.2617167,127.017
670,������Ÿ�,37.2626833,127.0128
671,��õ��.����1���ֹμ����Ա�,37.2630167,127.0107167
672,������Ʈ��Ÿ��2����.�������ظ�ξ���Ʈ,37.2634,127.00835
673,�������ظ�ξ���Ʈ.��õ��,37.2635333,127.0096167
674,������Ÿ�,37.2630167,127.0126667
675,���;���Ʈ,37.2619667,127.01725
676,�����������Ʈ,37.26035,127.0186833
677,���������Ǽ�����,37.25795,127.0174167
678,�Ű��Ÿ�,37.2573,127.0181667
679,���ǻ�Ÿ�,37.2565833,127.0211
680,���;���Ʈ,37.2698,126.958
681,ĥ���ʵ��б�,37.2687833,126.9561
682,�Ź��־���Ʈ,37.2686833,126.9541
683,ȣ�Žǽֿ����Ʈ,37.2678,126.9513167
684,��⵵�������������,37.2674,126.9399667
685,ĥ������.ĥ����.�����ʱ�,37.2741333,126.9448
686,���¸���4����.����KT�ҴкվƷ���.������ĥ��ü����,37.2739167,126.9473
687,ĥ���Ա�,37.2726167,126.96
688,����Ÿ�����Ʈ,37.2787333,126.9691333
689,�ϳ��θ�Ʈ(�������),37.2388,127.0294667
690,������Ÿ�.����2���ֹμ���,37.2547333,127.0114
691,�������͹̳�.�̸�Ʈ,37.28275,126.9694333
692,������̸�Ʈ,37.27525,126.9692
693,�����Ÿ�,37.2856,126.9696667
694,���������Ÿ�,37.2591333,127.0276667
695,���������Ÿ�,37.25885,127.0274333
696,����3���ֹμ���.���峻���κ���ȸ��,37.2603,127.0128667
697,�ű���2���ⱸ.��������Ʈ,37.2646667,127.0154667
698,����3���ֹμ���.���峻���κ���ȸ��,37.2600167,127.0130667
699,�ϳ��θ�Ʈ(�������),37.2388,127.0303167
700,�����������͹̳�,37.2829,126.9708667
701,�����Ÿ�,37.2853833,126.9693167
702,����������ũ��Ƽ.�����ʱ�,37.2474667,127.0280667
703,�߽ɽ����̿��н�.DH��ũŸ��,37.2429167,126.98415
704,��⵵����κ����������ʹ���,37.2389667,126.9711833
705,���ƿ���.������Ÿ��,37.2430333,126.9865667
706,�������»����Ʈ.���α�����������,37.2505833,126.97585
707,�Ǽ���û.�Ѻ������б�,37.2571667,126.9738333
708,���α�����������,37.2505833,126.97625
709,�Ǽ��޿��׸��Ϲ�,37.2366667,126.9733
710,��⵵����κ����������ʹ���,37.23895,126.97155
711,�Ǽ��޿��׸�����,37.23605,126.97675
712,û��1������Ʈ,37.2401833,126.9692333
713,��ȣ���б�,37.2664,126.9888167
714,��������ڿ�����.��⵵�����.��������ȣ����,37.2644667,126.9836667
715,�����ķ�۽�.Ǫ������,37.26595,126.9811833
716,ž����Ÿ�,37.2689167,126.97975
717,ž��1��,37.2691,126.97765
718,������Ʈ,37.2685833,126.9747167
719,������Ʈ,37.2688667,126.9748667
720,ž��1��,37.2693833,126.9773
721,ž���Ա�,37.269,126.9798833
722,�����ķ�۽�.Ǫ������,37.2661167,126.9813167
723,��⵵�����.��������ȣ����.��������ڿ�����,37.2646,126.9836
724,��ȣ���б�,37.26655,126.98865
725,�������������,37.2343333,127.0227667
726,��깰���뼾���Ա�,37.2406667,127.02865
727,���������͹̳�,37.2512167,127.0204
728,ĥ���Ա�,37.27295,126.9589667
729,����3������Ʈ,37.27715,126.9555
730,����Ÿ�����Ʈ,37.2791167,126.9687167
731,ĥ������8����.����KT�ҴкվƷ���.������ĥ��ü����,37.2737667,126.947
732,ĥ����.ĥ������.�����ʱ�,37.2739667,126.9447833
733,����õ�ְ�����Ʈ,37.2402667,126.9638833
734,û��1������Ʈ,37.24,126.9679833
735,�����ʵ��б�,37.2400833,126.9638667
736,������û.�������ڸ�����,37.2622667,127.0283833
737,ȣ�Žǽֿ����Ʈ,37.2680167,126.95125
738,ȣ�Žǿ���ü,37.2578,126.9623333
739,����������ũǪ������1����,37.2997333,126.95285
740,����������ũǪ������2����,37.2996333,126.9524333
741,�Ź���.ȣ�ݺ������.�ϽŰǿ�����Ʈ,37.2704167,126.95305
742,ȣ�ݺ������.�Ź���.�ϽŰǿ�����Ʈ,37.2705667,126.9531333
743,����ʵ��б�.��������Ʈ,37.28995,126.9444833
744,�Ǽ���û.������ճ뵿����ȸ��,37.2562667,126.97065
745,�Ǽ���û.������ճ뵿����ȸ��,37.25605,126.9706833
746,����ֹμ���.������������,37.2746333,126.97105
747,������Ʈ��Ÿ��2����.����������,37.2621,127.0061833
748,�������ι�������������,37.2437667,127.0379333
749,��Ʈ����ݽ�Ƽ,37.2611667,127.0037333
750,��Ʈ����ݽ�Ƽ,37.2613167,127.0040167
751,������,37.26275,127.0198667
752,����������ũ5����.�����ʵ��б�,37.2401333,127.0263167
753,����������ũ5����.�����ʵ��б�,37.2398667,127.02625
754,�߹̰���ũ.�ߴ뼺�ĵ���,37.24185,126.9809667
755,�߽ɽ����̿��н�.DH��ũŸ��,37.2427833,126.9841833
756,������Ÿ��.���ƿ���,37.2428333,126.9865833
757,���쿣��,37.2383167,126.9817833
758,�Ͽ�������.û������Ʈ�Ĺ�,37.2863167,126.97805
759,����õ������Ÿ����,37.2475,126.96535
760,��������,37.2513167,126.96625
761,��������,37.2516167,126.9664833
762,�������ֹ����ͽü�,37.2485833,126.9723333
763,����õ������Ÿ����,37.2472167,126.9655167
764,�ߺ���.�������ڵ������������п�,37.2556,126.9948667
765,�����Ƹ��ٿ��1����,37.24125,126.96995
766,��������������͹̳�,37.2822,126.9705167
767,��������������͹̳�,37.2821667,126.9704
768,ȣ�Ž��Ա�(���),37.2738333,126.9664333
769,������������͹̳�(�ÿ�),37.2510167,127.0201833
770,������������͹̳�(�ÿ�),37.2512,127.0205333
771,�����͹̳�(���׸���������),37.2494667,127.0213333
772,û������Ʈ�Ĺ�,37.2864667,126.9779167
773,�ϴ�ä�ڿ���.û������Ʈ,37.2850667,126.9762333
774,��������Ʈ,37.2839167,126.97555
775,��������Ʈ,37.2837167,126.97555
776,�Ƕ���ġŲ,37.2834333,126.9728333
777,�Ƕ���ġŲ,37.2833333,126.9729167
778,û�ؼ���,37.2826,126.9721
779,û�ؼ���,37.2825167,126.9722833
780,�����Ÿ�,37.28125,126.97305
781,�����Ÿ�,37.28085,126.9729
782,�߾Ӻε���,37.2790667,126.9727667
783,�߾Ӻε���,37.27905,126.9729167
784,�ѻ���Ʈ,37.27805,126.9732667
785,�ѻ���Ʈ,37.2780333,126.9731333
786,����ֹμ���,37.2766167,126.97185
787,����ֹμ���,37.2765333,126.9717667
788,������Ͽ콺,37.2758167,126.9703
789,������Ͽ콺,37.2756333,126.9704333
790,���������(����),37.2750333,126.9723667
791,�Ｚ���̾Ⱦ���Ʈ,37.2747167,126.9735333
792,�Ｚ���̾Ⱦ���Ʈ,37.2742833,126.9739
793,�ϸ�ϸ�Ʈ,37.27265,126.9741833
794,ž��ü����,37.2726667,126.9743833
795,�Ǽ����ǹ�,37.2704333,126.97485
796,�Ǽ����ǹ�,37.2706667,126.9749667
797,������Ʈ�Ĺ�,37.26855,126.9729333
798,������Ʈ�Ĺ�,37.2683167,126.9729167
799,Ǫ�������Ÿ�,37.26335,126.9724
800,Ǫ�������Ÿ�,37.2634167,126.9727167
801,�뵿����ȸ��(����),37.25705,126.96845
802,�뵿����ȸ��(����),37.25685,126.96825
803,������,37.2920833,126.9394333
804,�ֿ����Ʈ,37.2934167,126.9374833
805,�����,37.29385,126.94475
806,��������Ʈ,37.2902667,126.943
807,��������Ʈ,37.2901833,126.9429667
808,���������ȭ���(����),37.2914667,126.9441667
809,���������ȭ���(����),37.2911,126.9443833
810,������,37.29215,126.9395833
811,�򵿵�������Ʈ,37.2627333,126.9992167
812,�ϱ�����Ƽ����,37.3176,127.0169
813,�ϱ���,37.3159333,127.0191667
814,�񼮰Ÿ��Ա�,37.3132333,127.0210167
815,���ϰ�,37.3090833,127.0277167
816,�������Ա�.�������ķ�۽�,37.3014333,127.0315167
817,��������.�������ķ�۽��Ա�.��������,37.2999833,127.0294333
818,�������Ա�.�������ķ�۽�,37.3014333,127.03125
819,���ϰ�,37.3089167,127.0276667
820,�񼮰Ÿ��Ա�,37.3132167,127.0208833
821,�ϱ���,37.3155167,127.0191333
822,�ϱ�����Ƽ����,37.3177667,127.01665
823,��Ӹ���,37.3213333,127.01545
824,��Ӹ��ٸ�,37.3234333,127.0154333
825,�󱤱��Ŵٸ�.��������Ǫ��������,37.3273167,127.0147667
826,�󱤱�����ȸ��,37.3295167,127.0147
827,����������,37.3321833,127.0153
828,������,37.3342667,127.0170667
829,������Ÿ��2����,37.3021167,127.0203333
830,������Ÿ��2����,37.3023167,127.0203333
831,�ߺΰ�����,37.2971167,126.9969833
832,ǳ������Ʈ�Ա�,37.2978667,126.9949667
833,���ڵ�����,37.3100833,126.9862333
834,�ѱ��ǰ�������ȸ.�������տ��,37.2972167,127.0133833
835,�����ʱ�,37.30015,126.9691167
836,������,37.3024,126.9698
837,�����ʱ�,37.2999667,126.9691667
838,���Ͼ���Ʈ,37.3001667,126.9672167
839,�����¸����.�����̾Ⱦ���Ʈ,37.2980833,126.9668667
840,���հ��뿪�����¸��������Ʈ,37.2988667,126.9652667
841,������,37.3023,126.9696333
842,�������տ��.�ѱ��ǰ�������ȸ,37.2973667,127.0132333
843,ǳ������Ʈ�Ա�,37.2979,126.9952167
844,KT��������.���ο��ݺϼ�������,37.2926667,127.0115333
845,���ڻ�Ÿ�,37.2909833,127.00285
846,����2���ֹμ���.���������б�,37.2939833,127.0005
847,��ü��ȸ��.�븲e-���Ѽ���,37.2960833,126.99885
848,�̸�.���STXĭ,37.3155667,126.98395
849,�̸�.�����������Ʈ,37.314,126.9853
850,��ü��ȸ��.�븲e-���Ѽ���,37.2963833,126.9989
851,����2���ֹμ���,37.29455,127.0003333
852,���ڻ�Ÿ�.���������б�,37.2921,127.00225
853,����������۽�Ʈ��ũ����Ʈ,37.2984333,127.0187333
854,�ű���Ǫ������SK��G1,37.2704,127.0195667
855,�ű���7���ⱸ.Ǫ������SK��G4,37.2663167,127.01625
856,�ű���6���ⱸ.��ȭ�Ǽ�,37.2667833,127.0162333
857,Ǫ������SK��G3,37.26505,127.0183333
858,ȭ��1���ֹμ���,37.2764333,126.9948667
859,������.AK�ö���,37.2649167,127.00145
860,������.AK�ö���,37.2673667,127.0008833
861,�Ͽ������.�Ͽ�������.��õ��,37.2872833,126.9779833
862,ȭ��1��������������.������Ǫ����������,37.2750833,126.9952
863,ȭ�������͸�,37.28425,127.0071833
864,ȭ��1��������������,37.2763167,126.99525
865,����û��Ÿ�,37.2783,127.0065
866,����û��Ÿ�,37.2782833,127.0066833
867,���������׹���������,37.2766,127.0390167
868,������.��������,37.2663833,127.00155
869,���ִ�,37.2753333,127.04245
870,������(���׸���������),37.2677667,127.0002
871,LG����Ʈ,37.2891167,126.9803333
872,�ڿ��վ���Ʈ.��������(����),37.2839833,126.9826833
873,���������,37.2837333,127.02675
874,����������������.�����Ѱ�,37.2821667,127.02555
875,�������ݰ�,37.2803833,127.02385
876,�����ʱ�,37.2775,127.0236833
877,Ǫ������SK��G1,37.2702167,127.01925
878,����������ȸ,37.2688,127.02275
879,Ǫ������SK��G2,37.2674833,127.0220833
880,�ֹ��Ÿ�,37.26515,127.0209
881,�����ʱ�,37.2770667,127.0237833
882,����������������.�����Ѱ�,37.28205,127.02565
883,�������ݰ�,37.2802833,127.0240167
884,���������,37.2837333,127.0269833
885,������Ʈ����,37.2835667,127.0351833
886,��������,37.2771833,127.0194
887,�츸3����.�츸�ʱ�,37.29185,127.0334333
888,����޸����2�Ĺ�,37.2818333,127.0329667
889,����޸����2�Ĺ�,37.2817833,127.0332333
890,������.365��Ʈ(����),37.2789333,127.0311667
891,��������,37.2795167,127.0320833
892,����޸����3�Ĺ�,37.2800667,127.0325
893,������(����),37.2798833,127.0302167
894,������ġ��,37.2833167,127.03495
895,�������б�,37.2836333,127.0337333
896,�Ե���Ʈ,37.2847833,127.0326167
897,�����,37.2864167,127.0306333
898,�츸1���ֹμ���,37.2857833,127.0296167
899,���������츸����,37.28535,127.02895
900,�����ֹμ���,37.2817667,127.02865
901,(��)��ǳ������,37.2811333,127.0270333
902,�������Ʈ,37.2805667,127.0256667
903,�����������ݰ�,37.2776,127.0200667
904,���ϱ�ȸ,37.2790667,127.02285
905,�������Ʈ,37.2804667,127.0257
906,�����ǿ�,37.2809667,127.0263833
907,�츸���������ݰ�,37.28805,127.0291667
908,����.ǳ������Ʈ,37.28735,127.0298833
909,�����,37.2865,127.0307
910,�Ե���Ʈ,37.2847833,127.0324167
911,�������б�,37.2836667,127.0335333
912,��������Ʈ,37.2795167,126.9931167
913,�ű���8���ⱸ(����),37.2655333,127.0161667
914,�����������Ʈ.�����߾�,37.2817,126.9927667
915,ȭ����.��������,37.2824667,126.9948
916,��������,37.2836333,126.9969833
917,�����Ǫ���������繫�Ҿ�,37.2821667,126.9982333
918,�����Ǫ����122����,37.2822167,127.0009
919,�����Ǫ�����Ĺ�,37.2825,127.0019833
920,�ϳ����Ǳ�ȸ��,37.2826333,127.0043833
921,�������Ʈ.�����඼���Ա�,37.2834,127.0045667
922,ȭ����Ÿ�.SC�����,37.2787167,127.0041667
923,�������ռ����,37.2767333,127.00635
924,GS25��������,37.2747333,127.0061333
925,������Ÿ�,37.27315,127.0062
926,��������,37.271,127.0075167
927,(��)��û���Ÿ�,37.2697667,127.0082667
928,������(����),37.26715,127.0022667
929,(��)��û���Ÿ�,37.2698667,127.0084
930,������Ÿ��,37.3045,127.0181833
931,����������,37.31645,127.0024667
932,����1��,37.3022667,127.0142667
933,��⵵������������,37.3125,126.9987
934,���������Ա�.�����۽�Ʈ��ũ����Ʈ,37.2992167,127.0179667
935,�������Ʈ,37.2970667,127.0204833
936,�������б�.��ȭ��������������,37.2939167,127.0134333
937,�������б�.��ȭ��������������,37.2941667,127.0132167
938,�������Ʈ,37.2966333,127.02015
939,���������Ա�.�����۽�Ʈ��ũ����Ʈ,37.2994833,127.0174833
940,��⵵������������,37.3126167,126.9990167
941,������,37.30215,127.0142
942,����2���ֹμ���,37.3046333,127.0120833
943,STXĭ.������������Ʈ,37.3137,126.9831667
944,������������Ʈ�Ĺ�,37.3115667,126.9831833
945,���̾���Ʈ,37.30765,126.9677833
946,�����߻�Ÿ�,37.2927167,127.0098833
947,���ȸ�Ǽ�,37.2910167,127.0049
948,���ȸ�Ǽ�.��������,37.29165,127.0057667
949,�����߻�Ÿ�,37.2930167,127.00975
950,�������б�,37.3010333,126.9658333
951,��������.���հ��뿪,37.30135,126.97255
952,ü������.�žȾ���Ʈ,37.30305,126.9755
953,�Ÿ�����Ʈ,37.3022833,126.98045
954,â�ƿ��,37.3151167,127.0021
955,��⵵���簳�߿�.��⿬����.��⵵������������.��⵵�����������,37.31245,126.9890333
956,�����뱳����,37.3187667,126.9884
957,��⵵���簳�߿�.��⿬����.��⵵������������.��⵵�����������,37.3115667,126.9903167
958,â�ƿ��,37.3150667,127.0018833
959,�ѱ�������������.�ýð�������,37.3081333,126.9974333
960,�������б�,37.3070667,126.99985
961,���Ͽ���.���Ǽ����������.��⵵���հ��б�����,37.3058333,127.0025667
962,����Ÿ��.����Ϻ�.Ȩ�÷���,37.30345,127.0066
963,����KT������ũ.�������տ��,37.3010667,127.0103333
964,��ȭ�ʵ��б�.�ѱ��ǰ�������ȸ,37.2965,127.0151333
965,����û��Ÿ�,37.2920833,127.0198167
966,�����ñ۷ι�����н���.������ȸ������.â�浵����,37.2915667,127.0268833
967,��������.�������ķ�۽��Ա�,37.2997667,127.0295167
968,ȭ����.ȭ���ְ�3����,37.2867,126.9914167
969,��ȯ�����.ȿ��.ȭ������ũ�����Ʈ,37.2932833,126.99035
970,ǳ������Ʈ,37.29885,126.9920333
971,ǳ������Ʈ,37.2986667,126.9920333
972,ȭ������ũ��.��ȯ�����.ȿ������Ʈ,37.29305,126.9907833
973,KT��������.���ο��ݺϼ�������,37.2923667,127.0114
974,��������.�ؿ����Ա�,37.317,126.9840333
975,�������ս���,37.2898833,127.0014167
976,����3��������������.���ڵ��߽ɻ�.������Ӽ�������Ʈ,37.2949167,126.9932167
977,�������б�,37.29795,126.99045
978,�������Ǵ���,37.2965667,126.98745
979,������Ʈ.��ȭ����Ʈ.SK����Ʈ,37.2957667,126.9847
980,��ȵ���.�������Ʈ,37.2963167,126.9834167
981,õõ���б�,37.2991333,126.9821
982,�����������Ʈ,37.3025,126.9799833
983,�žȾ���Ʈ,37.3027167,126.9756167
984,���հ��뿪.����뵿�ΰ����û.��������,37.3017333,126.9732
985,õ���ʱ�,37.3000667,126.9779667
986,õõ�ʱ�.õõ����,37.2990167,126.9824333
987,��ȵ���.�������Ʈ,37.2962833,126.9837667
988,������Ʈ.��ȭ����Ʈ.SK����Ʈ,37.2955167,126.9848333
989,�������Ǵ���,37.2968167,126.9874333
990,�������б�,37.2981333,126.9900833
991,����3��������������.���ڵ��߽ɻ�,37.2953833,126.9933833
992,��Ȱ����б�,37.2927167,126.9949667
993,�������Ƿ��.�ΰ߸���.��ũǪ������,37.29015,126.9965
994,�ΰ߸���,37.2892167,126.9983167
995,�������ս���,37.2901333,127.00135
996,���ž���Ʈ,37.3022667,126.9941167
997,�ϼ�������.ȿ�ڹ���Ÿ�,37.3063,126.9909
998,�����ʵ��б�.SKC,37.3079333,126.9897833
999,��������Ʈ.�ϼ�������,37.3057167,126.9916833
1000,���ž���Ʈ,37.30265,126.9941333
1001,�ۿ����б�.�������α�ȸ,37.29595,127.0030167
1002,���ΰ�����.�Ǽ���û�Ա�,37.2585667,126.97335
1003,��������ڹ���,37.2745833,126.9816167
1004,����õ����Ÿ�.���������Ա�,37.2461333,126.9657167
1005,����õ����Ÿ�,37.2449333,126.96365
1006,����õ��.���ſ��ڰ���,37.2420167,126.9629833
1007,����õ��.���ſ��ڰ���.û������Ʈ,37.242,126.9628167
1008,����õ����Ÿ�,37.2448,126.96355
1009,���������Ա�,37.24595,126.9652333
1010,û��.�ϴ�ä�ڿ��վ���Ʈ,37.2847833,126.9766
1011,���е��ֹμ���,37.2721833,126.98565
1012,�������б�,37.27555,126.97645
1013,ž���ʵ��б�.�Ｚ����Ʈ,37.2752167,126.9745833
1014,����ֹμ���.������������,37.27425,126.9705333
1015,ĥ���Ա�,37.2715167,126.9609
1016,ȣ�Ž�GS����Ʈ,37.2688667,126.9590667
1017,�Ź��־���Ʈ,37.26745,126.9548667
1018,ȣ�Žǽֿ����Ʈ,37.2673333,126.9515667
1019,��⵵�Ǽ�����.��⵵�������������.ĥ������7����,37.2675167,126.9405333
1020,LG������1��.���̾�Ƽĥ������6��������Ʈ,37.2702333,126.9383333
1021,LG������3��.��ƹ̷�������Ʈ,37.27385,126.9379833
1022,��ƹ̷�������Ʈ.ȣ�ŽǴ���Ʈ�������Ʈ,37.2748833,126.9415833
1023,�������A-4BL(����),37.2872333,126.9435
1024,�������������Ʈ,37.2913833,126.9438667
1025,���������.�Ѷ�.�ֿ����Ʈ,37.29185,126.9408667
1026,�Ժϵ���Ÿ�,37.2925,126.9603
1027,�����������Ʈ.�Ͽ��԰Ÿ���,37.2821,126.9748667
1028,�����ȯ����Ʈ,37.2831333,126.97895
1029,�����ȯ����Ʈ,37.2826333,126.97815
1030,�����������Ʈ,37.282,126.9753167
1031,������Ÿ�,37.25305,127.01105
1032,������������ȸ.�ϴ�ä���۽�Ʈ,37.2456333,127.03585
1033,���������͹̳�,37.2489,127.0216333
1034,�������ʵ��б�,37.2507333,127.0165667
1035,����2���ֹμ���,37.2528667,127.0126833
1036,����2���ֹμ���,37.2535333,127.0124167
1037,�������ʵ��б�,37.25115,127.0168
1038,���������͹̳�,37.2498333,127.0197667
1039,�̸�Ʈ,37.2490667,127.023
1040,�����ʵ��б�,37.24765,127.0292167
1041,����ʵ��б�,37.2460167,127.0367
1042,����2��.������ȯ��������,37.242,127.01525
1043,�������Ա�.������,37.2444333,127.0143833
1044,�̿�����Ʈ,37.2470667,127.0134
1045,��ź�Ǽ���.ȭȫ�����б�,37.2527,127.0404833
1046,������û��3���ⱸ.���ﺸ������,37.2603833,127.0311333
1047,��������,37.2643833,127.0203833
1048,�������Ʈ,37.2479333,127.0327333
1049,��������н���.���������б�.�¼���,37.2509667,127.0340333
1050,��������н���.���������б�,37.25175,127.03495
1051,�쳲����Ʈ,37.2477333,127.0331167
1052,���������͹̳�,37.25085,127.0201167
1053,�ѱ�����η°���,37.2585667,126.9681333
1054,�Ѻ������б�,37.2589333,126.96995
1055,ž��������Ʈ,37.2687833,126.9711833
1056,ž��������Ʈ,37.2686833,126.9715833
1057,�Ѻ������б�,37.2587333,126.9696167
1058,�ѱ�����η°���,37.25845,126.96815
1059,�������ι�������������,37.2448333,127.0395833
1060,�����Ÿ�.��������ƮǪ������1����,37.26715,127.01035
1061,�����ʵ��б�,37.26625,127.009
1062,�������ظ�ξ���Ʈ,37.2642,127.00805
1063,����1���ֹμ���,37.2624833,127.0075667
1064,��������Ʈ����ݽ�Ƽ.����������,37.2618667,127.0048833
1065,����깰���뼾��,37.2828667,126.9689333
1066,�������ϵ�,37.2618333,127.0041667
1067,����1���ֹμ���,37.26255,127.0074333
1068,�Ѽ־���Ʈ.�Ѹ�������,37.23625,127.0251167
1069,��깰���뼾��.����������ũ4����,37.241,127.02835
1070,������б�.����������ũ,37.2451333,127.0313167
1071,������б�.����������ũ,37.2450667,127.0317667
1072,�Ѽ־���Ʈ.�Ѹ�������,37.2365167,127.0261833
1073,�������������,37.2342333,127.0226
1074,�������A-3BL(����),37.2880333,126.9401333
1075,��ź�����ϴ�ä.����Ʈ����,37.26155,127.0390667
1076,�ӱ�����Ʈ,37.2585,127.0377667
1077,���ҹ溻��,37.2556333,127.0365333
1078,�������ķ�۽��Ĺ�.�����ڹ���,37.2970833,127.03975
1079,�������ķ�۽��Ĺ�.�����ڹ���,37.29675,127.0394333
1080,��Ⳳ�ΰ���û.������Ա�,37.29365,127.0349333
1081,�������,37.2461833,127.0653667
1082,�����������а�.��õ���б�,37.2755667,127.0506833
1083,���ִ뺴��,37.2779333,127.0471333
1084,���ִ뺴��,37.2783333,127.0468667
1085,�����������а�.��õ���б�,37.2763833,127.0503167
1086,ǳ������Ʈ,37.2452333,127.0678667
1087,��õ����ũ��ũ����Ʈ,37.26945,127.06225
1088,����ȣ�������Ա�.��õ����Ÿ�,37.2707667,127.0590333
1089,���ΰ�����.���Ͼ���Ʈ,37.2720667,127.0555167
1090,KT����������,37.2732,127.0514
1091,��������Ÿ�,37.2737667,127.0465
1092,���ִ��Ÿ�,37.2743,127.0444667
1093,�������κ�����,37.2891167,127.0576
1094,����߶�ä����Ʈ,37.2436833,127.0649167
1095,�ＺDigitalCityȫ����,37.2585333,127.0574
1096,�ＺDigitalCityȫ����,37.2586,127.0570667
1097,�̳��÷���,37.2622,127.0601667
1098,�ＺDigitalCity����,37.2621167,127.0598167
1099,���������ֻ���,37.2704333,127.0618667
1100,���������ֻ���,37.2712,127.0626
1101,���ھ���Ʈ,37.2674167,127.054
1102,ȿ���ʵ��б�,37.2596,127.0408833
1103,ȿ���ʵ��б�,37.2592667,127.0409167
1104,�������б�.�������Ա��ܱ���û,37.2488,127.0752667
1105,����ȣ�ݺ������,37.2716333,127.05775
1106,�ſ����б�,37.2658,127.0455167
1107,������Ǫ���������Ʈ�Ĺ�,37.2414167,127.0601667
1108,��Ʈ������������Ʈ,37.2416,127.0600833
1109,���������ũĳ��1����,37.2419,127.0462833
1110,��������Ʈ����,37.24215,127.0467333
1111,��������ũ��ũ�Ѿ������,37.2801167,127.0703667
1112,�����λ�����.���ִ뺴���Ĺ�.������õ����ູ����,37.2807667,127.0503833
1113,��������,37.30185,127.0339833
1114,��������,37.3017,127.0342167
1115,ȣ�ݸ�������22����,37.27975,127.0700833
1116,�����λ�����.���ִ뺴���Ĺ�.������õ����ູ����,37.2807167,127.05055
1117,�����п����̾�2,37.2468333,127.0490333
1118,�����п����̾�2.�ۿ����,37.2485333,127.0494667
1119,�Ｚ���ڼ��翬������,37.2517833,127.0520667
1120,�Ｚ���ڼ��翬������,37.25195,127.0518667
1121,�����п����̾�2.�ۿ����,37.24855,127.0491
1122,��õ�Ｚ1������Ʈ.���ϱ�ȸ,37.2655667,127.0627167
1123,��õ�Ｚ1������Ʈ.���丮����,37.2659167,127.0639833
1124,��õ�Ź��־���Ʈ,37.2669833,127.0662
1125,��õ�Ź��־���Ʈ,37.2671833,127.0674333
1126,��������Ÿ�,37.2375333,127.0457167
1127,��������Ÿ�,37.2373,127.0460833
1128,�����ڹ���.����������κ�����(����),37.29615,127.0370333
1129,����������,37.28765,127.0789167
1130,����������,37.2877333,127.0789333
1131,�����������б�.�ſ������б�,37.2659167,127.0528167
1132,�����������б�.�ſ������б�,37.26615,127.0526
1133,�����ְ�9����,37.2466,127.0651167
1134,����ź�����Ա�.������������Ʈ����Ʈ,37.2751667,127.0420167
1135,��ź�����ϴ�ä,37.2647333,127.0422667
1136,������.�������з�,37.3,127.0440833
1137,������.�������з�,37.2998833,127.0436667
1138,�����ʵ��б�.����ȫ�絵����,37.30385,127.0475
1139,�����ʵ��б�.����ȫ�絵����,37.3038333,127.0473167
1140,�����Ѿ������.ȣ�ݰ�������,37.3052667,127.0487167
1141,�����Ѿ������.ȣ�ݰ�������,37.3054167,127.0488167
1142,�����߾ӿ�.���������б�,37.2902833,127.0495667
1143,�����߾ӿ�.���������б�,37.2899833,127.0494333
1144,��⵵û.�����߽ɻ�,37.2877333,127.0562667
1145,��⵵û.�����߽ɻ�,37.2879833,127.0560333
1146,�����ʵ��б�.���̾ȱ���,37.2907167,127.0598667
1147,�����ʵ��б�.���̾ȱ���,37.29055,127.0598167
1148,������Ʈ����.��������Ʈ����ũ,37.2891,127.0611333
1149,������Ʈ����.��������Ʈ����ũ,37.2890833,127.0607
1150,���������Ǽ���.�Ե��ƿ﷿,37.2859667,127.05745
1151,���������Ǽ���.�Ե��ƿ﷿,37.2865833,127.0577667
1152,��õȣ����Ÿ�.������Ʈ��Ÿ��62����,37.2879167,127.0643
1153,��õȣ����Ÿ�.��������Ʈ����,37.2877,127.0644667
1154,�����������.�����������û.����ȣ������,37.28985,127.0700333
1155,�����������.�����������û.����ȣ������,37.2896333,127.0699667
1156,�������߰���.����ȣ������ȣ�ݽ��,37.2920167,127.0720333
1157,�������߰���.����ȣ������ȣ�ݽ��,37.2922,127.0718667
1158,�����޸սþ�32��������,37.2922167,127.0660833
1159,�����޸սþ�32��������,37.2927833,127.0677167
1160,������,37.2969167,127.0693167
1161,������,37.2970333,127.069
1162,����ȣ�ݺ������,37.2741,127.0537167
1163,����ȣ�ݺ������,37.2740667,127.054
1164,��������������.�߾ӱ⵶�ʱ�.������׿�,37.2740667,127.05555
1165,��������������.�߾ӱ⵶�ʱ�.������׿�,37.2739,127.0555167
1166,��ȭ�ʵ��б�,37.2779667,127.0519833
1167,��ȭ�ʵ��б�,37.27825,127.0516167
1168,��������Ÿ���Ա�.���ִ�.�ѱ��ڻ��������,37.2783833,127.0498333
1169,��������Ÿ���Ա�.���ִ�.�ѱ��ڻ��������,37.27835,127.0500167
1170,�յ����д��п�,37.2793333,127.0522167
1171,�յ����д��п�.�����λ�����,37.2800667,127.05195
1172,��ǳ�ʵ��б�.�ڿ�������,37.2853333,127.0537167
1173,��ǳ�ʵ��б�.�ڿ�������,37.2853333,127.05345
1174,����ȣ�ݸ����Ա�,37.2761667,127.0674833
1175,����ȣ�ݸ����Ա�,37.2764,127.0675667
1176,����������.��ȭ���Ա�,37.2874167,127.0782667
1177,����������.��ȭ���Ա�,37.2873833,127.0784167
1178,����ȣ������.��1������,37.2754333,127.0666833
1179,����ȣ������.��1������,37.2758833,127.0665167
1180,����ȣ�ݸ���21����,37.27825,127.0674833
1181,����ȣ�ݸ���21����,37.2791667,127.0675
1182,�����Ѿ������.��������ü������,37.2814833,127.0704667
1183,�����Ѿ������.��������ü������,37.2814167,127.0709167
1184,�����޸սþ�32����,37.2941833,127.0682167
1185,������ũ���̴��׶�.��������,37.3081667,127.0388833
1186,�����뱤�������,37.3067667,127.0406833
1187,�����뱤�������,37.3068833,127.0407833
1188,�����ظ�ξ���Ʈ,37.3058833,127.0515833
1189,�����ظ�ξ���Ʈ,37.3059167,127.0518333
1190,��⵵û.�������б�.����÷��̽�����,37.2912,127.0515167
1191,��⵵û.�������б�.����÷��̽�����,37.2910167,127.0514
1192,����ī��Ÿ�.�븲e���Ѽ���,37.2931,127.0534333
1193,����ī��Ÿ�.�븲e���Ѽ���,37.2929833,127.0533333
1194,��������ī��Ƽ,37.2933,127.0572833
1195,��������ī��Ƽ,37.29295,127.0577
1196,��ź�Ｚ1������Ʈ,37.2649667,127.0422833
1197,Ȳ��ֿ����Ʈ,37.2636333,127.0822167
1198,��������������,37.2745,127.0495667
1199,��������������,37.2745,127.0501667
1200,��õ����ũ��ũ����Ʈ,37.2685667,127.0631833
1201,�����������.����ī��Ÿ�,37.29515,127.05295
1202,���������ڹ���.�����̸�Ʈ,37.29645,127.0495667
1203,���������ڹ���.�����̸�Ʈ,37.2963833,127.0492167
1204,����ȣ�ݺ������Ʈ��.�����ظ��,37.30465,127.0516667
1205,����ȣ�ݺ������Ʈ��.�����ظ��,37.3041167,127.0514
1206,����e���Ѽ���2��.�������б�,37.3054333,127.0465833
1207,�������б�.����e���Ѽ���2��,37.3052833,127.0464667
1208,������4���ⱸ.����2��������������,37.2459333,127.05545
1209,������3���ⱸ.�����״밡�����̾�.��罺����,37.2455167,127.0549833
1210,����1���ֹμ���.���������б�,37.2896167,127.04715
1211,����1���ֹμ���.���������б�,37.2894,127.0472167
1212,����߾����溯ȣ��ȸ��.�����������,37.2920333,127.06625
1213,�������ϸ��Ƕ�.����ȣ������,37.2788333,127.0599333
1214,�������ϸ��Ƕ�.����ȣ������,37.2788667,127.06015
1215,������������.���뿪2���ⱸ,37.25065,127.0727
1216,������Ǫ����������.�ֿ칰�ýý���,37.2736333,126.9965
1217,������.AK�ö���,37.2649333,127.0015833
1218,��Ⳳ�ΰ���û.������Ա�,37.2935667,127.0342167
1219,��������ü��.�ΰ跡�̾ȳ��Ŭ����,37.2672,127.0333833
1220,�������б�.��������.������������ȸ,37.2585333,127.0715333
1221,û��������Ʈ,37.2606,127.0752333
1222,Ȳ���ʵ��б�.�ְ�����Ʈ,37.26365,127.07755
1223,Ȳ���ְ�����Ʈ,37.2648,127.0813667
1224,������б�,37.23855,127.0479
1225,����ʵ��б�,37.2393,127.0536333
1226,����ʵ��б�,37.2390667,127.0529333
1227,����e������,37.2382667,127.0473667
1228,���뿪7���ⱸ.���������б�,37.2525,127.0697
1229,e���Ѽ���,37.2705333,127.0527667
1230,��������SŬ����,37.2811667,127.0591333
1231,�Ｚ����Ʈ,37.2650833,127.0508167
1232,�Ｚ�����Ĺ�,37.2622833,127.0498167
1233,�Ｚ�����߾ӹ�,37.2593833,127.0486667
1234,���뱸û,37.2599667,127.0431167
1235,��ź�����б�.��ź�����ϴ�ä,37.2622833,127.0434667
1236,��ź�����б�.�׸����ְ�1.2����,37.2624,127.0438833
1237,���뱸û.��������,37.2600667,127.0433833
1238,�Ｚ�����߾ӹ�,37.2592333,127.0480833
1239,�Ｚ�����Ĺ�,37.26245,127.0494667
1240,�Ｚ����Ʈ,37.2652167,127.0504333
1241,�ſ��ʵ��б�.����������ũ����Ʈ,37.2744833,127.0601667
1242,�ſ��ʵ��б�.����������ũ����Ʈ,37.27455,127.0599833
1243,�����Ĺ�,37.2990833,127.0366667
1244,�������ķ�۽��Ĺ�,37.29775,127.0419167
1245,�������ķ�۽��Ĺ�,37.2978333,127.0417667
1246,�����Ĺ�,37.29925,127.0366667
1247,���������,37.2477667,127.0784833
1248,������������.����������,37.2563833,127.0751167
1249,������������.����������,37.2570667,127.0732833
1250,��⵵�������������,37.2912167,127.0452
1251,���������ձ��������.Ǫ���������帶ũ,37.2934,127.04785
1252,Ǫ���������帶ũ.���������ձ��������,37.2923833,127.0474167
1253,��⵵�������������,37.2908,127.0454667
1254,���������ڹ���(���׹���),37.2950833,127.0513
1255,�����������.����ī��Ÿ�,37.2952333,127.0543833
1256,���������ڹ���.����ī��Ÿ�,37.29475,127.0511667
1257,��õ�Ｚ����Ʈ,37.2652167,127.06065
1258,����ȭ����,37.2617667,127.0637667
1259,�뱤������,37.2589333,127.0651
1260,�����������.�ų����ǽֿ����Ʈ,37.2566167,127.0661833
1261,��������SŬ����,37.2811333,127.0593667
1262,�����������.�ų����ǽֿ����Ʈ,37.2564333,127.0659167
1263,�뱤������,37.2590167,127.0648167
1264,����ȭ����,37.2618167,127.0635
1265,��õ�Ｚ����Ʈ,37.2649667,127.0606667
1266,��ź2���ֹμ���,37.2723167,127.0458333
1267,��ź�����Ա�,37.2727,127.0455833
1268,ȣ�ݸ�������21����,37.27815,127.0686167
1269,�����״밡�����̾�(���׹���),37.2454667,127.0536333
1270,��ȭ��,37.2908667,127.08315
1271,�Ｚ1������Ʈ,37.2660167,127.0410167
1272,e���Ѽ������Ʈ,37.2463,127.0672167
1273,�ص�.ǳ������Ʈ,37.2493,127.0688833
1274,���ִ�.���ִ��б�����,37.2787,127.0439167
1275,���ִ��б��Ա�,37.2759333,127.0440833
1276,��������Ÿ�,37.27395,127.0471833
1277,KT����������,37.2735833,127.0511
1278,���ΰ�����.���Ͼ���Ʈ,37.2725167,127.0554333
1279,����ȣ�������Ա�.��õ����Ÿ�,37.2709333,127.0596
1280,��õ����ũ��ũ����Ʈ,37.2697333,127.06295
1281,�������κ�����,37.2892667,127.05735
1282,���뿪8���ⱸ,37.25235,127.0719167
1283,û����4���ⱸ,37.2582833,127.07745
1284,û����6���ⱸ.Ȳ���ְ�1����,37.26055,127.0795833
1285,Ȳ���ְ�.�������Ʈ,37.2653,127.0819
1286,Ȳ����,37.2673,127.0818667
1287,�Ｚ�����Ա�,37.2685667,127.0666833
1288,��õ����ũ��ũ����Ʈ,37.26795,127.0623667
1289,�ѹ̸�Ÿ��,37.2551833,127.07455
1290,ȣ�ݺ������,37.3055,127.0446667
1291,ȣ�ݺ������,37.30545,127.0439667
1292,������1���ⱸ,37.2456833,127.0583
1293,�����õ���������,37.28685,127.0784833
1294,�����õ���������,37.2869667,127.0785
1295,�״밡��Ʈ����ũ,37.2412333,127.0561167
1296,���뱸���Ǽ�.����ü����ȭ����,37.2574667,127.0687667
1297,���뱸���Ǽ�.����ü����ȭ����,37.2572,127.0690667
1298,����������,37.2866667,127.07805
1299,GS���̾���Ʈ,37.24145,127.0528333
1300,û�;���Ʈ,37.2415667,127.0528667
1301,�����ֿ뿡����ũ,37.2396,127.0473
1302,�����ֿ뿡����ũ,37.23965,127.0474833
1303,�ＺDigitalCity����,37.2545167,127.0543
1304,�ＺDigitalCity����,37.2546333,127.0539167
1305,��ź�׸���4����,37.2554167,127.0451667
1306,��ź�׸���4����,37.2549,127.04515
1307,�ŵ��ܵ�����,37.25025,127.0433167
1308,�ŵ��ܵ�����,37.2505,127.0435667
1309,������Ʈ��Ÿ��62����.��������Ʈ����ũ,37.2887667,127.0632
1310,������Ʈ��Ÿ��62����.��������Ʈ����ũ,37.2891667,127.0622333
1311,����2���ֹμ���,37.2929833,127.0702333
1312,����2���ֹμ���,37.2929167,127.0703
1313,�����޸սþ�32����.���ǰ���,37.29425,127.0685667
1314,�����߾�.��⵵û.���ִ뿪ȯ�¼���,37.2884833,127.0518833
1315,�����߾�.��⵵û.���ִ뿪ȯ�¼���,37.2883167,127.0516333
1316,�����������.����ī��Ÿ�,37.2957167,127.0547
1317,����ü������.�ٻ����б�,37.2834,127.0518
1318,����ü������.�ٻ����б�,37.2835833,127.0517
1319,����SK�����Ʈ.��������̺�����Ʈ,37.2439167,127.06225
1320,����SK�����Ʈ.��������̺�����Ʈ,37.244,127.06225
1321,����.���帶ũȣ��(���׹���),37.2532833,127.0727167
1322,����.���帶ũȣ��(���׹���),37.25345,127.0729333
1323,�����Ÿ�,37.2392167,127.0564167
1324,����Ȩ�÷���,37.2524167,127.0730167
1325,���ִ�ÿܹ���,37.2742667,127.0447833
1326,���������ູ���þ���Ʈ(����),37.29545,127.0368833
1327,�����Ÿ�����Ʈ,37.2502,127.0641333
1328,�����Ÿ�����Ʈ,37.2502833,127.0644333
1329,�������б�,37.2482833,127.0673167
1330,�������б�,37.2483667,127.0674667
1331,�������ص���Ǫ��������Ʈ,37.2413167,127.0505333
1332,�������ص���Ǫ��������Ʈ,37.2414667,127.0505667
1333,�����õ��þ������ռ���,37.29915,127.0480333
1334,������ȸ������,37.3004167,127.0455
1335,������������ũ��Ƽ.����ȣ�ݺ������,37.2721333,127.0589333
1336,����ȣ�ݺ������.������������ũ��Ƽ,37.2726167,127.0590167
1337,������ȸ������,37.3003,127.0454
1338,�����õ��þ������ռ���,37.2990667,127.04785
1339,�����̸�Ʈ,37.2979833,127.0493333
1340,�����̸�Ʈ,37.2976833,127.0492667
1341,��������Ÿ��,37.2896167,127.0456667
1342,���������Ǽ���.�����������ƹ�ȭ��.����sŬ����,37.2844667,127.0568333
1343,���������Ǽ���.�����������ƹ�ȭ��.����sŬ����,37.2844667,127.0571
1344,��������Ÿ��,37.2898,127.04575
1345,��������40����,37.2960667,127.0835
1346,��������40��������,37.29565,127.0811833
1347,����ī��Ÿ��Ա�,37.2949,127.0561667
1348,����ī��Ÿ��Ա�,37.29505,127.0563333
1349,�뼱��.e���Ѽ�����2������Ʈ,37.2411333,127.06535
1350,�뼱��.e���Ѽ�����2������Ʈ,37.2410167,127.0654333
1351,�챸��.��������Ʈ,37.2473167,127.0731
1352,SK����Ʈ,37.2449167,127.0681167
1353,ǳ������Ʈ,37.2441667,127.0665667
1354,�������౹,37.2785,127.0459667
1355,���ִ��б�����,37.2787667,127.0482
1356,���ִ��б�������,37.2817167,127.0436167
1357,���ִ��б�������,37.2814833,127.04345
1358,���ִ��б�����,37.2787167,127.0467167
1359,����Ǫ���������帶ũ,37.2910667,127.0479833
1360,�����ʱ�,37.26665,127.0593667
1361,��ź����ũ��ũ����Ʈ,37.2666833,127.0568167
1362,�ݼ�����Ʈ.�ѱ�1������Ʈ,37.2680333,127.0567167
1363,���������б�.���Ͼ���Ʈ.�ѱ�1������Ʈ,37.2700167,127.0557167
1364,�곲���б�,37.2686333,127.052
1365,�ѱ�2������Ʈ,37.2683,127.05015
1366,��ź����,37.2681833,127.0469
1367,�ſ����б�,37.2656,127.0457333
1368,��ź�ʱ�,37.26435,127.0441333
1369,��ź�ְ�4.5����,37.2660667,127.0379333
1370,���̾ȿ��븶ũ��1����.�ŵ���������,37.2450833,127.0413833
1371,�ڿ������̾���Ʈ.����SŬ����,37.2845667,127.0554167
1372,������ũĳ��2����.�Ե���Ŭ����,37.24465,127.0414333
1373,���ִ��Ȱ��,37.2845667,127.0453333
1374,��õ�ʱ�,37.2676,127.05415
1375,���ִ��ȴް�,37.28525,127.0437167
1376,���̾ȿ��븶ũ��2����,37.2474333,127.0475167
1377,�׸����ְ�5����,37.2559167,127.0405333
1378,�쳲����Ʈ,37.2583,127.04225
1379,�׸����ְ�5����,37.2554333,127.04075
1380,��ź�Ǽ���.�׸����ְ�6����,37.25295,127.0407333
1381,Ȳ���ְ�����Ʈ,37.26455,127.08145
1382,Ȳ���ʵ��б�.�ְ�����Ʈ,37.2637167,127.078
1383,û��������Ʈ,37.2604667,127.0757833
1384,���뵵����.�������б�.������������ȸ,37.25845,127.0720667
1385,�������б�,37.2388167,127.05655
1386,����1���ֹμ���.��������.��Ǫ������,37.2373833,127.0594667
1387,��ź���Ͼ���Ʈ,37.2645333,127.0442
1388,��ź����,37.2686333,127.0468
1389,�ѱ�2������Ʈ.�곲���б�,37.2686167,127.0499167
1390,�ص�����Ʈ,37.2702,127.0523667
1391,���������б�.���Ͼ���Ʈ.�ѱ�1������Ʈ,37.2701167,127.0561667
1392,�ݼ�����Ʈ.�ѱ�2������Ʈ,37.26735,127.05625
1393,��ź����ũ��ũ����Ʈ,37.2669,127.0568833
1394,�����ʱ�,37.2673333,127.0604167
1395,�Ｚ�����Ա�,37.2689667,127.0665667
1396,Ȳ�񺮻����Ʈ,37.2661333,127.0824167
1397,û����1���ⱸ.û����,37.2604667,127.0802167
1398,û����3���ⱸ,37.2588,127.0786333
1399,���뿪,37.2537667,127.0739
1400,������1���ⱸ.�����п����̾�1,37.24575,127.0596
1401,������б�,37.2477833,127.07745
1402,���뱸û,37.2584667,127.0449167
1403,���뱸û,37.25875,127.0457833
1404,��ź�쳲����Ʈ,37.2585167,127.0426333
1405,���͸���.���̾ȿ��븶ũ��2����,37.2483,127.04705
1406,�ų����Ǿ���Ʈ,37.2526667,127.0659
1407,����SŬ����.�ڿ������̾���Ʈ,37.2843333,127.0555167
1408,�챸�����.���뿪3���ⱸ,37.2499,127.0735
1409,���뿪6���ⱸ.���������б�,37.2521333,127.0698333
1410,�ų����Ǿ���Ʈ,37.25245,127.06605
1411,�������¿�����Ʈ,37.24955,127.06265
1412,����Ե�����Ʈ,37.2466667,127.0612833
1413,������7���ⱸ.������8����,37.2460667,127.0584167
1414,�켺����Ʈ,37.2471167,127.0609333
1415,�������ְ�����Ʈ,37.2496833,127.0623667
1416,�������б�.�������Ա��ܱ���û,37.2492167,127.0750833
1417,��Ʈ������������Ʈ,37.2441,127.0605
1418,������LG������3����.��������.��Ǫ������,37.2371833,127.0592667
1419,�������б�,37.2382667,127.0566
1420,�����ʵ��б�,37.24085,127.0553333
1421,�״밡�����̾����Ʈ.������3���ⱸ,37.2447833,127.0561667
1422,���װ���.������������Ʈ.�ֿ����Ʈ,37.2453833,127.0519667
1423,���������ũĳ��1����.���̾ȿ��븶ũ��2����,37.2450167,127.04625
1424,���̾ȿ��븶ũ��2����.���������ũĳ��1����,37.2454,127.04595
1425,�����״밡�����̾�.�ֿ����Ʈ,37.2458333,127.0534167
1426,û��.�ֿ�.�״밡��Ʈ����ũ����Ʈ,37.2424833,127.0554167
1427,�챸���������Ʈ.���뿪4���ⱸ,37.2502,127.0704
1428,�챸�񵿾ƾ���Ʈ,37.2477167,127.0679833
1429,�����Ա�,37.26875,127.0830667
1430,��ź�ְ�4����.��ź1���ֹμ���,37.2688167,127.0416667
1431,�Ｚ2������Ʈ,37.2694667,127.0425667
1432,�����ѿ���,37.2641667,127.0401833
1433,������9����(����),37.2466833,127.0660833
1434,�͹̳ΰ�����������(����),37.2491667,127.02245
1435,�ΰ����(����),37.2717667,127.02885
1436,��������Ÿ�(����),37.2785667,127.0312333
1437,�ߵ���Ÿ�(����),37.2751167,127.0165
1438,����������(����),37.2598,126.99845
1439,��������Ÿ�(����),37.25285,126.9875667
1440,�����ʱ���Ÿ�(����),37.2473,126.9678333
1441,����õ��Ÿ�(����),37.30875,126.9952833
1442,����õ��Ÿ�(����),37.3090167,126.9954167
1443,�����Ÿ�(����),37.29865,127.00725
1444,�����Ÿ�(����),37.2992,127.0071
1445,ȭ�������͸�(����),37.28565,127.00765
1446,ȭ�������͸�(����),37.2854,127.0078333
1447,��õ����Ÿ�(����),37.2704,127.0610667
1448,��������Ÿ�(����),37.2784,127.0307
1449,����Ÿ���Ÿ�(����),37.2597333,126.9737
1450,���и���Ÿ�(����),37.273,126.98575
1451,���б�����(����),37.2706667,126.9942
1452,�յ����д��п�(����),37.27985,127.0523333
1453,�Ǽ�����������Ÿ�(����),37.2456667,127.0378667
1454,�ǰ��Ÿ�(����),37.247,127.0321833
1455,�ԺϷ�77����(����),37.29875,126.9550167
1456,������������(����),37.2580333,127.0059667
1457,����SK��ī�̺�109(����),37.30645,126.9885833
1458,�������������(����),37.2340667,127.02245
1459,�����뱳����(����),37.3188,126.9878667
1460,����������(����),37.2578167,127.0661
1461,��õ����Ÿ�(����),37.2699833,127.0612333
1462,����õ������(����),37.23265,126.98205
1463,����õ������(����),37.2326167,126.9819833
1464,�����λ�Ÿ�(����),37.3055667,127.0515
1465,���е����������(����),37.2718,126.9954333
1466,���������(����),37.2738333,126.9948333
1467,���б�����(����),37.2708167,126.9948667
1468,������Ÿ�(����),37.2693833,126.9993
1469,������͹̳�(����),37.2705333,127.0006333
1470,����ֹμ���(����),37.27265,127.0019833
1471,����ֹμ���(����),37.27355,127.0021167
1472,�������ڰ���(����),37.27625,127.0031667
1473,�������ڰ���(����),37.2762667,127.0028667
1474,ȯ�¼�������1(����),37.27115,126.9965
1475,ȯ�¼�������2(����),37.2683667,126.9976167
1476,���ͱ�����(����),37.2621,126.9963
1477,ȯ�¼�������1(����),37.2684167,126.99785
1478,ȯ�¼�������2(����),37.2711833,126.9966833
1479,������������(����),37.2623833,127.0030333
1480,ž����Ÿ�(����),37.274,126.9690167
1481,�̸��Ÿ�(����),37.3162833,126.9826167
1482,�̸��Ÿ�(����),37.3165333,126.9824
1483,���������Ÿ�(����),37.29725,127.0495333
1484,������Ÿ�(����),37.2736167,127.0488333
1485,�������������(����),37.2599,127.0669333
1486,�ϼ���IC(����),37.3185833,126.9904
1487,�ϼ���IC(����),37.3185667,126.9913833
1488,�����ͳ�����(����),37.31315,127.02675
1489,�����ͳ�����(����),37.3076833,127.0374
1490,������IC(����),37.3001,127.0491833
1491,������IC(����),37.29995,127.0501667
1492,ȿ�����(����),37.32525,126.9866333
1493,ȿ�����(����),37.32515,126.98625
1494,�����Ÿ�(����),37.2839333,126.9694167
1495,����IC(����),37.3028333,126.9619667
1496,����IC(����),37.3026833,126.96215
1497,�ϼ���TG(����),37.3261,126.9875167
1498,�ϼ���TG(����),37.3264833,126.9885167
1499,�������ι�������������(����),37.2441833,127.03875
1500,â�湮��Ÿ�(����),37.2898333,127.0246333
1501,������IC(����),37.2933833,126.95265
1502,������IC(����),37.2931,126.9519833
1503,������TG(����),37.29805,127.0475
1504,������TG(����),37.2971,127.0470833
1505,ȣ�Ž�IC(����),37.2622667,126.9482
1506,ȣ�Ž�IC(����),37.2619167,126.9485
1507,�ݰ�TG(����),37.2870667,126.9487
1508,�ݰ�TG(����),37.28715,126.9493333
1509,������IC(����),37.2935333,126.9523667
1510,������IC(����),37.2929167,126.9522833
1511,���и���Ÿ�(����),37.2730833,126.98625
1512,������������(����),37.26285,127.0031
1513,����(����),37.2931667,127.0789167
1514,����(����),37.2933833,127.07955
1515,ĥ������7����(����),37.2674667,126.9428333
1516,�͹̳λ�Ÿ�(����),37.2497833,127.0186833
1517,���Ȼ���TG(����),37.2982167,126.9358667
1518,���Ȼ���TG(����),37.29815,126.9361667
1519,���������(����),37.2589667,127.06715
1520,�ſ�����Ÿ�(����),37.2657167,127.0522333
1521,����������(����),37.2916,127.0789833
1522,���ΰ���������(����),37.2546333,126.96295
1523,����������(����),37.2596,126.99875
1524,������Ÿ�(����),37.2542167,127.01105
1525,�Ǽ���Ÿ�(����),37.2596833,127.024
1526,�����Ÿ�(����),37.2856833,127.0276667
